Number,Algorithm,Size,Density,Time
0,BFS,50,0,2,1
1,DFS,50,0,2,0
2,BFS,50,0,2,0
3,DFS,50,0,2,0
4,BFS,50,0,2,0
5,DFS,50,0,2,0
6,BFS,50,0,2,0
7,DFS,50,0,2,0
8,BFS,50,0,2,0
9,DFS,50,0,2,0
10,BFS,50,0,2,0
11,DFS,50,0,2,0
12,BFS,50,0,2,0
13,DFS,50,0,2,0
14,BFS,50,0,2,0
15,DFS,50,0,2,0
16,BFS,50,0,2,0
17,DFS,50,0,2,0
18,BFS,50,0,2,0
19,DFS,50,0,2,0
20,BFS,50,0,2,0
21,DFS,50,0,2,0
22,BFS,50,0,2,0
23,DFS,50,0,2,0
24,BFS,50,0,2,0
25,DFS,50,0,2,0
26,BFS,50,0,2,0
27,DFS,50,0,2,0
28,BFS,50,0,2,0
29,DFS,50,0,2,0
30,BFS,50,0,2,0
31,DFS,50,0,2,0
32,BFS,50,0,2,0
33,DFS,50,0,2,0
34,BFS,50,0,2,0
35,DFS,50,0,2,0
36,BFS,50,0,2,0
37,DFS,50,0,2,0
38,BFS,50,0,2,0
39,DFS,50,0,2,0
40,BFS,50,0,4,0
41,DFS,50,0,4,0
42,BFS,50,0,4,0
43,DFS,50,0,4,0
44,BFS,50,0,4,0
45,DFS,50,0,4,0
46,BFS,50,0,4,0
47,DFS,50,0,4,0
48,BFS,50,0,4,0
49,DFS,50,0,4,0
50,BFS,50,0,4,0
51,DFS,50,0,4,0
52,BFS,50,0,4,0
53,DFS,50,0,4,0
54,BFS,50,0,4,0
55,DFS,50,0,4,0
56,BFS,50,0,4,0
57,DFS,50,0,4,0
58,BFS,50,0,4,0
59,DFS,50,0,4,0
60,BFS,50,0,4,0
61,DFS,50,0,4,0
62,BFS,50,0,4,0
63,DFS,50,0,4,0
64,BFS,50,0,4,0
65,DFS,50,0,4,0
66,BFS,50,0,4,0
67,DFS,50,0,4,0
68,BFS,50,0,4,0
69,DFS,50,0,4,0
70,BFS,50,0,4,0
71,DFS,50,0,4,0
72,BFS,50,0,4,0
73,DFS,50,0,4,0
74,BFS,50,0,4,0
75,DFS,50,0,4,0
76,BFS,50,0,4,0
77,DFS,50,0,4,0
78,BFS,50,0,4,0
79,DFS,50,0,4,0
80,BFS,50,0,6,0
81,DFS,50,0,6,0
82,BFS,50,0,6,0
83,DFS,50,0,6,0
84,BFS,50,0,6,0
85,DFS,50,0,6,0
86,BFS,50,0,6,0
87,DFS,50,0,6,0
88,BFS,50,0,6,0
89,DFS,50,0,6,0
90,BFS,50,0,6,0
91,DFS,50,0,6,0
92,BFS,50,0,6,0
93,DFS,50,0,6,0
94,BFS,50,0,6,0
95,DFS,50,0,6,0
96,BFS,50,0,6,0
97,DFS,50,0,6,0
98,BFS,50,0,6,0
99,DFS,50,0,6,0
100,BFS,50,0,6,0
101,DFS,50,0,6,0
102,BFS,50,0,6,0
103,DFS,50,0,6,0
104,BFS,50,0,6,0
105,DFS,50,0,6,0
106,BFS,50,0,6,0
107,DFS,50,0,6,0
108,BFS,50,0,6,0
109,DFS,50,0,6,0
110,BFS,50,0,6,0
111,DFS,50,0,6,0
112,BFS,50,0,6,0
113,DFS,50,0,6,0
114,BFS,50,0,6,0
115,DFS,50,0,6,0
116,BFS,50,0,6,0
117,DFS,50,0,6,0
118,BFS,50,0,6,0
119,DFS,50,0,6,0
120,BFS,50,0,8,1
121,DFS,50,0,8,0
122,BFS,50,0,8,0
123,DFS,50,0,8,0
124,BFS,50,0,8,0
125,DFS,50,0,8,0
126,BFS,50,0,8,0
127,DFS,50,0,8,0
128,BFS,50,0,8,0
129,DFS,50,0,8,0
130,BFS,50,0,8,0
131,DFS,50,0,8,0
132,BFS,50,0,8,0
133,DFS,50,0,8,0
134,BFS,50,0,8,0
135,DFS,50,0,8,0
136,BFS,50,0,8,0
137,DFS,50,0,8,0
138,BFS,50,0,8,0
139,DFS,50,0,8,0
140,BFS,50,0,8,0
141,DFS,50,0,8,0
142,BFS,50,0,8,0
143,DFS,50,0,8,0
144,BFS,50,0,8,0
145,DFS,50,0,8,0
146,BFS,50,0,8,0
147,DFS,50,0,8,0
148,BFS,50,0,8,0
149,DFS,50,0,8,0
150,BFS,50,0,8,0
151,DFS,50,0,8,0
152,BFS,50,0,8,0
153,DFS,50,0,8,0
154,BFS,50,0,8,0
155,DFS,50,0,8,0
156,BFS,50,0,8,0
157,DFS,50,0,8,0
158,BFS,50,0,8,0
159,DFS,50,0,8,0
160,BFS,50,1,0
161,DFS,50,1,0
162,BFS,50,1,0
163,DFS,50,1,0
164,BFS,50,1,0
165,DFS,50,1,0
166,BFS,50,1,0
167,DFS,50,1,0
168,BFS,50,1,0
169,DFS,50,1,0
170,BFS,50,1,0
171,DFS,50,1,0
172,BFS,50,1,0
173,DFS,50,1,0
174,BFS,50,1,0
175,DFS,50,1,0
176,BFS,50,1,0
177,DFS,50,1,0
178,BFS,50,1,0
179,DFS,50,1,0
180,BFS,50,1,0
181,DFS,50,1,0
182,BFS,50,1,0
183,DFS,50,1,0
184,BFS,50,1,0
185,DFS,50,1,0
186,BFS,50,1,0
187,DFS,50,1,0
188,BFS,50,1,0
189,DFS,50,1,0
190,BFS,50,1,0
191,DFS,50,1,0
192,BFS,50,1,0
193,DFS,50,1,0
194,BFS,50,1,0
195,DFS,50,1,0
196,BFS,50,1,0
197,DFS,50,1,0
198,BFS,50,1,0
199,DFS,50,1,0
200,BFS,80,0,2,2
201,DFS,80,0,2,2
202,BFS,80,0,2,2
203,DFS,80,0,2,2
204,BFS,80,0,2,2
205,DFS,80,0,2,2
206,BFS,80,0,2,2
207,DFS,80,0,2,2
208,BFS,80,0,2,2
209,DFS,80,0,2,2
210,BFS,80,0,2,2
211,DFS,80,0,2,2
212,BFS,80,0,2,3
213,DFS,80,0,2,2
214,BFS,80,0,2,2
215,DFS,80,0,2,2
216,BFS,80,0,2,2
217,DFS,80,0,2,2
218,BFS,80,0,2,2
219,DFS,80,0,2,2
220,BFS,80,0,2,2
221,DFS,80,0,2,2
222,BFS,80,0,2,2
223,DFS,80,0,2,2
224,BFS,80,0,2,2
225,DFS,80,0,2,2
226,BFS,80,0,2,2
227,DFS,80,0,2,2
228,BFS,80,0,2,2
229,DFS,80,0,2,2
230,BFS,80,0,2,2
231,DFS,80,0,2,2
232,BFS,80,0,2,2
233,DFS,80,0,2,2
234,BFS,80,0,2,2
235,DFS,80,0,2,2
236,BFS,80,0,2,2
237,DFS,80,0,2,2
238,BFS,80,0,2,2
239,DFS,80,0,2,2
240,BFS,80,0,4,2
241,DFS,80,0,4,2
242,BFS,80,0,4,2
243,DFS,80,0,4,2
244,BFS,80,0,4,2
245,DFS,80,0,4,2
246,BFS,80,0,4,2
247,DFS,80,0,4,2
248,BFS,80,0,4,2
249,DFS,80,0,4,2
250,BFS,80,0,4,2
251,DFS,80,0,4,2
252,BFS,80,0,4,2
253,DFS,80,0,4,2
254,BFS,80,0,4,2
255,DFS,80,0,4,2
256,BFS,80,0,4,2
257,DFS,80,0,4,2
258,BFS,80,0,4,2
259,DFS,80,0,4,2
260,BFS,80,0,4,2
261,DFS,80,0,4,2
262,BFS,80,0,4,2
263,DFS,80,0,4,2
264,BFS,80,0,4,2
265,DFS,80,0,4,2
266,BFS,80,0,4,2
267,DFS,80,0,4,2
268,BFS,80,0,4,2
269,DFS,80,0,4,2
270,BFS,80,0,4,2
271,DFS,80,0,4,2
272,BFS,80,0,4,2
273,DFS,80,0,4,2
274,BFS,80,0,4,2
275,DFS,80,0,4,2
276,BFS,80,0,4,2
277,DFS,80,0,4,2
278,BFS,80,0,4,2
279,DFS,80,0,4,2
280,BFS,80,0,6,2
281,DFS,80,0,6,2
282,BFS,80,0,6,2
283,DFS,80,0,6,2
284,BFS,80,0,6,2
285,DFS,80,0,6,2
286,BFS,80,0,6,2
287,DFS,80,0,6,2
288,BFS,80,0,6,2
289,DFS,80,0,6,2
290,BFS,80,0,6,2
291,DFS,80,0,6,2
292,BFS,80,0,6,2
293,DFS,80,0,6,2
294,BFS,80,0,6,2
295,DFS,80,0,6,2
296,BFS,80,0,6,2
297,DFS,80,0,6,2
298,BFS,80,0,6,2
299,DFS,80,0,6,2
300,BFS,80,0,6,2
301,DFS,80,0,6,2
302,BFS,80,0,6,2
303,DFS,80,0,6,2
304,BFS,80,0,6,2
305,DFS,80,0,6,2
306,BFS,80,0,6,2
307,DFS,80,0,6,2
308,BFS,80,0,6,2
309,DFS,80,0,6,2
310,BFS,80,0,6,2
311,DFS,80,0,6,2
312,BFS,80,0,6,2
313,DFS,80,0,6,2
314,BFS,80,0,6,2
315,DFS,80,0,6,2
316,BFS,80,0,6,2
317,DFS,80,0,6,2
318,BFS,80,0,6,2
319,DFS,80,0,6,2
320,BFS,80,0,8,2
321,DFS,80,0,8,2
322,BFS,80,0,8,2
323,DFS,80,0,8,2
324,BFS,80,0,8,2
325,DFS,80,0,8,2
326,BFS,80,0,8,2
327,DFS,80,0,8,2
328,BFS,80,0,8,2
329,DFS,80,0,8,2
330,BFS,80,0,8,2
331,DFS,80,0,8,2
332,BFS,80,0,8,2
333,DFS,80,0,8,2
334,BFS,80,0,8,2
335,DFS,80,0,8,2
336,BFS,80,0,8,2
337,DFS,80,0,8,2
338,BFS,80,0,8,2
339,DFS,80,0,8,2
340,BFS,80,0,8,2
341,DFS,80,0,8,2
342,BFS,80,0,8,2
343,DFS,80,0,8,2
344,BFS,80,0,8,2
345,DFS,80,0,8,2
346,BFS,80,0,8,2
347,DFS,80,0,8,2
348,BFS,80,0,8,2
349,DFS,80,0,8,2
350,BFS,80,0,8,2
351,DFS,80,0,8,2
352,BFS,80,0,8,2
353,DFS,80,0,8,2
354,BFS,80,0,8,2
355,DFS,80,0,8,2
356,BFS,80,0,8,2
357,DFS,80,0,8,2
358,BFS,80,0,8,2
359,DFS,80,0,8,2
360,BFS,80,1,2
361,DFS,80,1,2
362,BFS,80,1,2
363,DFS,80,1,2
364,BFS,80,1,2
365,DFS,80,1,2
366,BFS,80,1,2
367,DFS,80,1,2
368,BFS,80,1,2
369,DFS,80,1,2
370,BFS,80,1,2
371,DFS,80,1,2
372,BFS,80,1,2
373,DFS,80,1,2
374,BFS,80,1,2
375,DFS,80,1,2
376,BFS,80,1,2
377,DFS,80,1,2
378,BFS,80,1,2
379,DFS,80,1,2
380,BFS,80,1,2
381,DFS,80,1,2
382,BFS,80,1,2
383,DFS,80,1,2
384,BFS,80,1,2
385,DFS,80,1,2
386,BFS,80,1,2
387,DFS,80,1,2
388,BFS,80,1,2
389,DFS,80,1,2
390,BFS,80,1,2
391,DFS,80,1,2
392,BFS,80,1,2
393,DFS,80,1,2
394,BFS,80,1,2
395,DFS,80,1,2
396,BFS,80,1,2
397,DFS,80,1,2
398,BFS,80,1,2
399,DFS,80,1,2
400,BFS,100,0,2,4
401,DFS,100,0,2,4
402,BFS,100,0,2,4
403,DFS,100,0,2,3
404,BFS,100,0,2,4
405,DFS,100,0,2,3
406,BFS,100,0,2,4
407,DFS,100,0,2,3
408,BFS,100,0,2,4
409,DFS,100,0,2,3
410,BFS,100,0,2,4
411,DFS,100,0,2,3
412,BFS,100,0,2,4
413,DFS,100,0,2,3
414,BFS,100,0,2,4
415,DFS,100,0,2,3
416,BFS,100,0,2,4
417,DFS,100,0,2,3
418,BFS,100,0,2,4
419,DFS,100,0,2,3
420,BFS,100,0,2,4
421,DFS,100,0,2,3
422,BFS,100,0,2,4
423,DFS,100,0,2,3
424,BFS,100,0,2,4
425,DFS,100,0,2,3
426,BFS,100,0,2,4
427,DFS,100,0,2,3
428,BFS,100,0,2,4
429,DFS,100,0,2,3
430,BFS,100,0,2,4
431,DFS,100,0,2,3
432,BFS,100,0,2,4
433,DFS,100,0,2,3
434,BFS,100,0,2,4
435,DFS,100,0,2,3
436,BFS,100,0,2,4
437,DFS,100,0,2,3
438,BFS,100,0,2,3
439,DFS,100,0,2,3
440,BFS,100,0,4,3
441,DFS,100,0,4,3
442,BFS,100,0,4,3
443,DFS,100,0,4,3
444,BFS,100,0,4,3
445,DFS,100,0,4,3
446,BFS,100,0,4,3
447,DFS,100,0,4,3
448,BFS,100,0,4,3
449,DFS,100,0,4,3
450,BFS,100,0,4,3
451,DFS,100,0,4,3
452,BFS,100,0,4,3
453,DFS,100,0,4,3
454,BFS,100,0,4,3
455,DFS,100,0,4,3
456,BFS,100,0,4,3
457,DFS,100,0,4,3
458,BFS,100,0,4,3
459,DFS,100,0,4,3
460,BFS,100,0,4,3
461,DFS,100,0,4,3
462,BFS,100,0,4,3
463,DFS,100,0,4,3
464,BFS,100,0,4,3
465,DFS,100,0,4,3
466,BFS,100,0,4,3
467,DFS,100,0,4,3
468,BFS,100,0,4,3
469,DFS,100,0,4,3
470,BFS,100,0,4,3
471,DFS,100,0,4,3
472,BFS,100,0,4,3
473,DFS,100,0,4,3
474,BFS,100,0,4,3
475,DFS,100,0,4,3
476,BFS,100,0,4,3
477,DFS,100,0,4,3
478,BFS,100,0,4,3
479,DFS,100,0,4,3
480,BFS,100,0,6,3
481,DFS,100,0,6,3
482,BFS,100,0,6,3
483,DFS,100,0,6,3
484,BFS,100,0,6,3
485,DFS,100,0,6,3
486,BFS,100,0,6,3
487,DFS,100,0,6,3
488,BFS,100,0,6,3
489,DFS,100,0,6,3
490,BFS,100,0,6,3
491,DFS,100,0,6,3
492,BFS,100,0,6,3
493,DFS,100,0,6,3
494,BFS,100,0,6,3
495,DFS,100,0,6,3
496,BFS,100,0,6,3
497,DFS,100,0,6,3
498,BFS,100,0,6,3
499,DFS,100,0,6,3
500,BFS,100,0,6,4
501,DFS,100,0,6,3
502,BFS,100,0,6,3
503,DFS,100,0,6,3
504,BFS,100,0,6,3
505,DFS,100,0,6,3
506,BFS,100,0,6,3
507,DFS,100,0,6,3
508,BFS,100,0,6,3
509,DFS,100,0,6,3
510,BFS,100,0,6,3
511,DFS,100,0,6,3
512,BFS,100,0,6,3
513,DFS,100,0,6,3
514,BFS,100,0,6,3
515,DFS,100,0,6,3
516,BFS,100,0,6,3
517,DFS,100,0,6,3
518,BFS,100,0,6,3
519,DFS,100,0,6,3
520,BFS,100,0,8,3
521,DFS,100,0,8,3
522,BFS,100,0,8,3
523,DFS,100,0,8,3
524,BFS,100,0,8,3
525,DFS,100,0,8,3
526,BFS,100,0,8,3
527,DFS,100,0,8,3
528,BFS,100,0,8,3
529,DFS,100,0,8,3
530,BFS,100,0,8,3
531,DFS,100,0,8,3
532,BFS,100,0,8,3
533,DFS,100,0,8,3
534,BFS,100,0,8,3
535,DFS,100,0,8,3
536,BFS,100,0,8,3
537,DFS,100,0,8,3
538,BFS,100,0,8,3
539,DFS,100,0,8,3
540,BFS,100,0,8,3
541,DFS,100,0,8,3
542,BFS,100,0,8,3
543,DFS,100,0,8,3
544,BFS,100,0,8,3
545,DFS,100,0,8,3
546,BFS,100,0,8,3
547,DFS,100,0,8,3
548,BFS,100,0,8,3
549,DFS,100,0,8,4
550,BFS,100,0,8,3
551,DFS,100,0,8,3
552,BFS,100,0,8,3
553,DFS,100,0,8,3
554,BFS,100,0,8,3
555,DFS,100,0,8,3
556,BFS,100,0,8,3
557,DFS,100,0,8,3
558,BFS,100,0,8,3
559,DFS,100,0,8,3
560,BFS,100,1,3
561,DFS,100,1,3
562,BFS,100,1,3
563,DFS,100,1,3
564,BFS,100,1,3
565,DFS,100,1,3
566,BFS,100,1,4
567,DFS,100,1,3
568,BFS,100,1,3
569,DFS,100,1,3
570,BFS,100,1,3
571,DFS,100,1,3
572,BFS,100,1,3
573,DFS,100,1,3
574,BFS,100,1,3
575,DFS,100,1,3
576,BFS,100,1,3
577,DFS,100,1,3
578,BFS,100,1,3
579,DFS,100,1,3
580,BFS,100,1,3
581,DFS,100,1,3
582,BFS,100,1,3
583,DFS,100,1,3
584,BFS,100,1,3
585,DFS,100,1,3
586,BFS,100,1,3
587,DFS,100,1,3
588,BFS,100,1,3
589,DFS,100,1,3
590,BFS,100,1,3
591,DFS,100,1,3
592,BFS,100,1,3
593,DFS,100,1,3
594,BFS,100,1,3
595,DFS,100,1,3
596,BFS,100,1,3
597,DFS,100,1,3
598,BFS,100,1,3
599,DFS,100,1,3
600,BFS,150,0,2,12
601,DFS,150,0,2,12
602,BFS,150,0,2,12
603,DFS,150,0,2,12
604,BFS,150,0,2,12
605,DFS,150,0,2,12
606,BFS,150,0,2,12
607,DFS,150,0,2,12
608,BFS,150,0,2,12
609,DFS,150,0,2,12
610,BFS,150,0,2,12
611,DFS,150,0,2,12
612,BFS,150,0,2,12
613,DFS,150,0,2,12
614,BFS,150,0,2,12
615,DFS,150,0,2,12
616,BFS,150,0,2,12
617,DFS,150,0,2,12
618,BFS,150,0,2,13
619,DFS,150,0,2,12
620,BFS,150,0,2,12
621,DFS,150,0,2,12
622,BFS,150,0,2,12
623,DFS,150,0,2,12
624,BFS,150,0,2,12
625,DFS,150,0,2,12
626,BFS,150,0,2,12
627,DFS,150,0,2,12
628,BFS,150,0,2,12
629,DFS,150,0,2,12
630,BFS,150,0,2,12
631,DFS,150,0,2,12
632,BFS,150,0,2,12
633,DFS,150,0,2,12
634,BFS,150,0,2,12
635,DFS,150,0,2,12
636,BFS,150,0,2,13
637,DFS,150,0,2,12
638,BFS,150,0,2,12
639,DFS,150,0,2,12
640,BFS,150,0,4,12
641,DFS,150,0,4,12
642,BFS,150,0,4,12
643,DFS,150,0,4,12
644,BFS,150,0,4,12
645,DFS,150,0,4,12
646,BFS,150,0,4,12
647,DFS,150,0,4,12
648,BFS,150,0,4,12
649,DFS,150,0,4,12
650,BFS,150,0,4,12
651,DFS,150,0,4,12
652,BFS,150,0,4,12
653,DFS,150,0,4,12
654,BFS,150,0,4,13
655,DFS,150,0,4,12
656,BFS,150,0,4,12
657,DFS,150,0,4,12
658,BFS,150,0,4,12
659,DFS,150,0,4,12
660,BFS,150,0,4,12
661,DFS,150,0,4,12
662,BFS,150,0,4,12
663,DFS,150,0,4,12
664,BFS,150,0,4,12
665,DFS,150,0,4,12
666,BFS,150,0,4,12
667,DFS,150,0,4,12
668,BFS,150,0,4,12
669,DFS,150,0,4,12
670,BFS,150,0,4,12
671,DFS,150,0,4,12
672,BFS,150,0,4,12
673,DFS,150,0,4,12
674,BFS,150,0,4,12
675,DFS,150,0,4,12
676,BFS,150,0,4,12
677,DFS,150,0,4,12
678,BFS,150,0,4,13
679,DFS,150,0,4,12
680,BFS,150,0,6,12
681,DFS,150,0,6,12
682,BFS,150,0,6,12
683,DFS,150,0,6,12
684,BFS,150,0,6,12
685,DFS,150,0,6,12
686,BFS,150,0,6,12
687,DFS,150,0,6,12
688,BFS,150,0,6,12
689,DFS,150,0,6,12
690,BFS,150,0,6,12
691,DFS,150,0,6,12
692,BFS,150,0,6,12
693,DFS,150,0,6,12
694,BFS,150,0,6,12
695,DFS,150,0,6,12
696,BFS,150,0,6,13
697,DFS,150,0,6,12
698,BFS,150,0,6,12
699,DFS,150,0,6,12
700,BFS,150,0,6,12
701,DFS,150,0,6,12
702,BFS,150,0,6,12
703,DFS,150,0,6,12
704,BFS,150,0,6,12
705,DFS,150,0,6,12
706,BFS,150,0,6,12
707,DFS,150,0,6,12
708,BFS,150,0,6,12
709,DFS,150,0,6,12
710,BFS,150,0,6,12
711,DFS,150,0,6,12
712,BFS,150,0,6,12
713,DFS,150,0,6,12
714,BFS,150,0,6,12
715,DFS,150,0,6,12
716,BFS,150,0,6,12
717,DFS,150,0,6,12
718,BFS,150,0,6,12
719,DFS,150,0,6,12
720,BFS,150,0,8,12
721,DFS,150,0,8,12
722,BFS,150,0,8,12
723,DFS,150,0,8,12
724,BFS,150,0,8,12
725,DFS,150,0,8,12
726,BFS,150,0,8,12
727,DFS,150,0,8,12
728,BFS,150,0,8,12
729,DFS,150,0,8,12
730,BFS,150,0,8,12
731,DFS,150,0,8,12
732,BFS,150,0,8,12
733,DFS,150,0,8,12
734,BFS,150,0,8,12
735,DFS,150,0,8,12
736,BFS,150,0,8,12
737,DFS,150,0,8,12
738,BFS,150,0,8,13
739,DFS,150,0,8,12
740,BFS,150,0,8,12
741,DFS,150,0,8,12
742,BFS,150,0,8,12
743,DFS,150,0,8,12
744,BFS,150,0,8,12
745,DFS,150,0,8,12
746,BFS,150,0,8,12
747,DFS,150,0,8,12
748,BFS,150,0,8,12
749,DFS,150,0,8,12
750,BFS,150,0,8,12
751,DFS,150,0,8,12
752,BFS,150,0,8,12
753,DFS,150,0,8,12
754,BFS,150,0,8,12
755,DFS,150,0,8,12
756,BFS,150,0,8,13
757,DFS,150,0,8,12
758,BFS,150,0,8,12
759,DFS,150,0,8,12
760,BFS,150,1,12
761,DFS,150,1,12
762,BFS,150,1,12
763,DFS,150,1,12
764,BFS,150,1,12
765,DFS,150,1,12
766,BFS,150,1,12
767,DFS,150,1,12
768,BFS,150,1,12
769,DFS,150,1,12
770,BFS,150,1,12
771,DFS,150,1,12
772,BFS,150,1,12
773,DFS,150,1,12
774,BFS,150,1,12
775,DFS,150,1,12
776,BFS,150,1,12
777,DFS,150,1,12
778,BFS,150,1,12
779,DFS,150,1,12
780,BFS,150,1,12
781,DFS,150,1,12
782,BFS,150,1,12
783,DFS,150,1,12
784,BFS,150,1,12
785,DFS,150,1,12
786,BFS,150,1,12
787,DFS,150,1,12
788,BFS,150,1,12
789,DFS,150,1,12
790,BFS,150,1,12
791,DFS,150,1,12
792,BFS,150,1,12
793,DFS,150,1,12
794,BFS,150,1,12
795,DFS,150,1,12
796,BFS,150,1,12
797,DFS,150,1,12
798,BFS,150,1,13
799,DFS,150,1,12
800,BFS,170,0,2,17
801,DFS,170,0,2,17
802,BFS,170,0,2,17
803,DFS,170,0,2,17
804,BFS,170,0,2,17
805,DFS,170,0,2,17
806,BFS,170,0,2,17
807,DFS,170,0,2,17
808,BFS,170,0,2,17
809,DFS,170,0,2,17
810,BFS,170,0,2,17
811,DFS,170,0,2,17
812,BFS,170,0,2,17
813,DFS,170,0,2,18
814,BFS,170,0,2,17
815,DFS,170,0,2,17
816,BFS,170,0,2,17
817,DFS,170,0,2,17
818,BFS,170,0,2,17
819,DFS,170,0,2,17
820,BFS,170,0,2,17
821,DFS,170,0,2,17
822,BFS,170,0,2,17
823,DFS,170,0,2,17
824,BFS,170,0,2,17
825,DFS,170,0,2,17
826,BFS,170,0,2,17
827,DFS,170,0,2,18
828,BFS,170,0,2,17
829,DFS,170,0,2,17
830,BFS,170,0,2,17
831,DFS,170,0,2,18
832,BFS,170,0,2,18
833,DFS,170,0,2,17
834,BFS,170,0,2,17
835,DFS,170,0,2,17
836,BFS,170,0,2,17
837,DFS,170,0,2,17
838,BFS,170,0,2,17
839,DFS,170,0,2,17
840,BFS,170,0,4,17
841,DFS,170,0,4,17
842,BFS,170,0,4,17
843,DFS,170,0,4,17
844,BFS,170,0,4,17
845,DFS,170,0,4,17
846,BFS,170,0,4,17
847,DFS,170,0,4,18
848,BFS,170,0,4,17
849,DFS,170,0,4,17
850,BFS,170,0,4,17
851,DFS,170,0,4,17
852,BFS,170,0,4,17
853,DFS,170,0,4,17
854,BFS,170,0,4,17
855,DFS,170,0,4,17
856,BFS,170,0,4,17
857,DFS,170,0,4,17
858,BFS,170,0,4,17
859,DFS,170,0,4,17
860,BFS,170,0,4,17
861,DFS,170,0,4,18
862,BFS,170,0,4,17
863,DFS,170,0,4,17
864,BFS,170,0,4,17
865,DFS,170,0,4,17
866,BFS,170,0,4,17
867,DFS,170,0,4,17
868,BFS,170,0,4,17
869,DFS,170,0,4,17
870,BFS,170,0,4,17
871,DFS,170,0,4,17
872,BFS,170,0,4,17
873,DFS,170,0,4,17
874,BFS,170,0,4,17
875,DFS,170,0,4,18
876,BFS,170,0,4,17
877,DFS,170,0,4,17
878,BFS,170,0,4,17
879,DFS,170,0,4,17
880,BFS,170,0,6,18
881,DFS,170,0,6,17
882,BFS,170,0,6,17
883,DFS,170,0,6,17
884,BFS,170,0,6,17
885,DFS,170,0,6,17
886,BFS,170,0,6,17
887,DFS,170,0,6,17
888,BFS,170,0,6,17
889,DFS,170,0,6,17
890,BFS,170,0,6,17
891,DFS,170,0,6,18
892,BFS,170,0,6,17
893,DFS,170,0,6,17
894,BFS,170,0,6,17
895,DFS,170,0,6,18
896,BFS,170,0,6,17
897,DFS,170,0,6,17
898,BFS,170,0,6,17
899,DFS,170,0,6,17
900,BFS,170,0,6,17
901,DFS,170,0,6,17
902,BFS,170,0,6,17
903,DFS,170,0,6,17
904,BFS,170,0,6,17
905,DFS,170,0,6,17
906,BFS,170,0,6,17
907,DFS,170,0,6,17
908,BFS,170,0,6,17
909,DFS,170,0,6,18
910,BFS,170,0,6,17
911,DFS,170,0,6,17
912,BFS,170,0,6,17
913,DFS,170,0,6,17
914,BFS,170,0,6,17
915,DFS,170,0,6,17
916,BFS,170,0,6,17
917,DFS,170,0,6,17
918,BFS,170,0,6,17
919,DFS,170,0,6,17
920,BFS,170,0,8,17
921,DFS,170,0,8,17
922,BFS,170,0,8,17
923,DFS,170,0,8,18
924,BFS,170,0,8,18
925,DFS,170,0,8,18
926,BFS,170,0,8,17
927,DFS,170,0,8,17
928,BFS,170,0,8,18
929,DFS,170,0,8,17
930,BFS,170,0,8,17
931,DFS,170,0,8,17
932,BFS,170,0,8,17
933,DFS,170,0,8,17
934,BFS,170,0,8,17
935,DFS,170,0,8,17
936,BFS,170,0,8,17
937,DFS,170,0,8,17
938,BFS,170,0,8,17
939,DFS,170,0,8,17
940,BFS,170,0,8,17
941,DFS,170,0,8,17
942,BFS,170,0,8,17
943,DFS,170,0,8,18
944,BFS,170,0,8,17
945,DFS,170,0,8,17
946,BFS,170,0,8,17
947,DFS,170,0,8,17
948,BFS,170,0,8,17
949,DFS,170,0,8,17
950,BFS,170,0,8,17
951,DFS,170,0,8,17
952,BFS,170,0,8,17
953,DFS,170,0,8,17
954,BFS,170,0,8,17
955,DFS,170,0,8,17
956,BFS,170,0,8,17
957,DFS,170,0,8,18
958,BFS,170,0,8,17
959,DFS,170,0,8,17
960,BFS,170,1,17
961,DFS,170,1,17
962,BFS,170,1,17
963,DFS,170,1,17
964,BFS,170,1,17
965,DFS,170,1,17
966,BFS,170,1,17
967,DFS,170,1,17
968,BFS,170,1,17
969,DFS,170,1,17
970,BFS,170,1,17
971,DFS,170,1,18
972,BFS,170,1,17
973,DFS,170,1,17
974,BFS,170,1,17
975,DFS,170,1,17
976,BFS,170,1,17
977,DFS,170,1,17
978,BFS,170,1,17
979,DFS,170,1,17
980,BFS,170,1,17
981,DFS,170,1,17
982,BFS,170,1,17
983,DFS,170,1,17
984,BFS,170,1,17
985,DFS,170,1,17
986,BFS,170,1,17
987,DFS,170,1,17
988,BFS,170,1,17
989,DFS,170,1,17
990,BFS,170,1,17
991,DFS,170,1,18
992,BFS,170,1,17
993,DFS,170,1,17
994,BFS,170,1,17
995,DFS,170,1,17
996,BFS,170,1,17
997,DFS,170,1,17
998,BFS,170,1,17
999,DFS,170,1,17
1000,BFS,200,0,2,27
1001,DFS,200,0,2,29
1002,BFS,200,0,2,28
1003,DFS,200,0,2,28
1004,BFS,200,0,2,28
1005,DFS,200,0,2,28
1006,BFS,200,0,2,27
1007,DFS,200,0,2,28
1008,BFS,200,0,2,27
1009,DFS,200,0,2,28
1010,BFS,200,0,2,27
1011,DFS,200,0,2,32
1012,BFS,200,0,2,28
1013,DFS,200,0,2,28
1014,BFS,200,0,2,28
1015,DFS,200,0,2,28
1016,BFS,200,0,2,28
1017,DFS,200,0,2,28
1018,BFS,200,0,2,28
1019,DFS,200,0,2,28
1020,BFS,200,0,2,27
1021,DFS,200,0,2,28
1022,BFS,200,0,2,27
1023,DFS,200,0,2,28
1024,BFS,200,0,2,27
1025,DFS,200,0,2,28
1026,BFS,200,0,2,28
1027,DFS,200,0,2,28
1028,BFS,200,0,2,28
1029,DFS,200,0,2,28
1030,BFS,200,0,2,29
1031,DFS,200,0,2,28
1032,BFS,200,0,2,27
1033,DFS,200,0,2,28
1034,BFS,200,0,2,28
1035,DFS,200,0,2,28
1036,BFS,200,0,2,27
1037,DFS,200,0,2,28
1038,BFS,200,0,2,27
1039,DFS,200,0,2,28
1040,BFS,200,0,4,28
1041,DFS,200,0,4,28
1042,BFS,200,0,4,27
1043,DFS,200,0,4,28
1044,BFS,200,0,4,28
1045,DFS,200,0,4,28
1046,BFS,200,0,4,28
1047,DFS,200,0,4,29
1048,BFS,200,0,4,28
1049,DFS,200,0,4,28
1050,BFS,200,0,4,29
1051,DFS,200,0,4,28
1052,BFS,200,0,4,28
1053,DFS,200,0,4,28
1054,BFS,200,0,4,28
1055,DFS,200,0,4,28
1056,BFS,200,0,4,28
1057,DFS,200,0,4,28
1058,BFS,200,0,4,27
1059,DFS,200,0,4,28
1060,BFS,200,0,4,28
1061,DFS,200,0,4,30
1062,BFS,200,0,4,28
1063,DFS,200,0,4,30
1064,BFS,200,0,4,33
1065,DFS,200,0,4,32
1066,BFS,200,0,4,34
1067,DFS,200,0,4,32
1068,BFS,200,0,4,32
1069,DFS,200,0,4,33
1070,BFS,200,0,4,36
1071,DFS,200,0,4,41
1072,BFS,200,0,4,46
1073,DFS,200,0,4,43
1074,BFS,200,0,4,38
1075,DFS,200,0,4,37
1076,BFS,200,0,4,35
1077,DFS,200,0,4,32
1078,BFS,200,0,4,32
1079,DFS,200,0,4,32
1080,BFS,200,0,6,32
1081,DFS,200,0,6,32
1082,BFS,200,0,6,28
1083,DFS,200,0,6,28
1084,BFS,200,0,6,28
1085,DFS,200,0,6,28
1086,BFS,200,0,6,28
1087,DFS,200,0,6,29
1088,BFS,200,0,6,28
1089,DFS,200,0,6,28
1090,BFS,200,0,6,28
1091,DFS,200,0,6,29
1092,BFS,200,0,6,28
1093,DFS,200,0,6,28
1094,BFS,200,0,6,28
1095,DFS,200,0,6,28
1096,BFS,200,0,6,28
1097,DFS,200,0,6,28
1098,BFS,200,0,6,28
1099,DFS,200,0,6,28
1100,BFS,200,0,6,28
1101,DFS,200,0,6,28
1102,BFS,200,0,6,29
1103,DFS,200,0,6,28
1104,BFS,200,0,6,28
1105,DFS,200,0,6,28
1106,BFS,200,0,6,28
1107,DFS,200,0,6,28
1108,BFS,200,0,6,28
1109,DFS,200,0,6,28
1110,BFS,200,0,6,28
1111,DFS,200,0,6,28
1112,BFS,200,0,6,29
1113,DFS,200,0,6,28
1114,BFS,200,0,6,28
1115,DFS,200,0,6,28
1116,BFS,200,0,6,28
1117,DFS,200,0,6,28
1118,BFS,200,0,6,28
1119,DFS,200,0,6,28
1120,BFS,200,0,8,28
1121,DFS,200,0,8,28
1122,BFS,200,0,8,28
1123,DFS,200,0,8,29
1124,BFS,200,0,8,28
1125,DFS,200,0,8,28
1126,BFS,200,0,8,28
1127,DFS,200,0,8,29
1128,BFS,200,0,8,28
1129,DFS,200,0,8,28
1130,BFS,200,0,8,28
1131,DFS,200,0,8,28
1132,BFS,200,0,8,28
1133,DFS,200,0,8,28
1134,BFS,200,0,8,28
1135,DFS,200,0,8,28
1136,BFS,200,0,8,28
1137,DFS,200,0,8,28
1138,BFS,200,0,8,29
1139,DFS,200,0,8,28
1140,BFS,200,0,8,28
1141,DFS,200,0,8,28
1142,BFS,200,0,8,28
1143,DFS,200,0,8,28
1144,BFS,200,0,8,28
1145,DFS,200,0,8,28
1146,BFS,200,0,8,27
1147,DFS,200,0,8,28
1148,BFS,200,0,8,29
1149,DFS,200,0,8,28
1150,BFS,200,0,8,28
1151,DFS,200,0,8,28
1152,BFS,200,0,8,27
1153,DFS,200,0,8,28
1154,BFS,200,0,8,27
1155,DFS,200,0,8,28
1156,BFS,200,0,8,27
1157,DFS,200,0,8,28
1158,BFS,200,0,8,28
1159,DFS,200,0,8,28
1160,BFS,200,1,28
1161,DFS,200,1,28
1162,BFS,200,1,28
1163,DFS,200,1,28
1164,BFS,200,1,27
1165,DFS,200,1,28
1166,BFS,200,1,27
1167,DFS,200,1,28
1168,BFS,200,1,27
1169,DFS,200,1,28
1170,BFS,200,1,27
1171,DFS,200,1,28
1172,BFS,200,1,27
1173,DFS,200,1,28
1174,BFS,200,1,29
1175,DFS,200,1,28
1176,BFS,200,1,27
1177,DFS,200,1,28
1178,BFS,200,1,28
1179,DFS,200,1,28
1180,BFS,200,1,27
1181,DFS,200,1,28
1182,BFS,200,1,28
1183,DFS,200,1,28
1184,BFS,200,1,29
1185,DFS,200,1,28
1186,BFS,200,1,28
1187,DFS,200,1,28
1188,BFS,200,1,28
1189,DFS,200,1,32
1190,BFS,200,1,28
1191,DFS,200,1,29
1192,BFS,200,1,28
1193,DFS,200,1,28
1194,BFS,200,1,29
1195,DFS,200,1,29
1196,BFS,200,1,28
1197,DFS,200,1,28
1198,BFS,200,1,28
1199,DFS,200,1,28
1200,BFS,220,0,2,46
1201,DFS,220,0,2,48
1202,BFS,220,0,2,37
1203,DFS,220,0,2,37
1204,BFS,220,0,2,38
1205,DFS,220,0,2,37
1206,BFS,220,0,2,37
1207,DFS,220,0,2,37
1208,BFS,220,0,2,37
1209,DFS,220,0,2,38
1210,BFS,220,0,2,37
1211,DFS,220,0,2,37
1212,BFS,220,0,2,37
1213,DFS,220,0,2,37
1214,BFS,220,0,2,37
1215,DFS,220,0,2,37
1216,BFS,220,0,2,37
1217,DFS,220,0,2,37
1218,BFS,220,0,2,37
1219,DFS,220,0,2,38
1220,BFS,220,0,2,37
1221,DFS,220,0,2,37
1222,BFS,220,0,2,38
1223,DFS,220,0,2,38
1224,BFS,220,0,2,37
1225,DFS,220,0,2,37
1226,BFS,220,0,2,37
1227,DFS,220,0,2,37
1228,BFS,220,0,2,37
1229,DFS,220,0,2,38
1230,BFS,220,0,2,37
1231,DFS,220,0,2,37
1232,BFS,220,0,2,37
1233,DFS,220,0,2,37
1234,BFS,220,0,2,37
1235,DFS,220,0,2,37
1236,BFS,220,0,2,37
1237,DFS,220,0,2,37
1238,BFS,220,0,2,37
1239,DFS,220,0,2,38
1240,BFS,220,0,4,37
1241,DFS,220,0,4,37
1242,BFS,220,0,4,37
1243,DFS,220,0,4,37
1244,BFS,220,0,4,37
1245,DFS,220,0,4,37
1246,BFS,220,0,4,37
1247,DFS,220,0,4,37
1248,BFS,220,0,4,37
1249,DFS,220,0,4,38
1250,BFS,220,0,4,37
1251,DFS,220,0,4,37
1252,BFS,220,0,4,37
1253,DFS,220,0,4,37
1254,BFS,220,0,4,37
1255,DFS,220,0,4,37
1256,BFS,220,0,4,37
1257,DFS,220,0,4,37
1258,BFS,220,0,4,37
1259,DFS,220,0,4,38
1260,BFS,220,0,4,37
1261,DFS,220,0,4,37
1262,BFS,220,0,4,37
1263,DFS,220,0,4,37
1264,BFS,220,0,4,37
1265,DFS,220,0,4,37
1266,BFS,220,0,4,37
1267,DFS,220,0,4,37
1268,BFS,220,0,4,38
1269,DFS,220,0,4,37
1270,BFS,220,0,4,37
1271,DFS,220,0,4,38
1272,BFS,220,0,4,37
1273,DFS,220,0,4,37
1274,BFS,220,0,4,39
1275,DFS,220,0,4,37
1276,BFS,220,0,4,37
1277,DFS,220,0,4,41
1278,BFS,220,0,4,41
1279,DFS,220,0,4,37
1280,BFS,220,0,6,37
1281,DFS,220,0,6,37
1282,BFS,220,0,6,37
1283,DFS,220,0,6,37
1284,BFS,220,0,6,37
1285,DFS,220,0,6,37
1286,BFS,220,0,6,37
1287,DFS,220,0,6,37
1288,BFS,220,0,6,37
1289,DFS,220,0,6,38
1290,BFS,220,0,6,37
1291,DFS,220,0,6,37
1292,BFS,220,0,6,37
1293,DFS,220,0,6,37
1294,BFS,220,0,6,38
1295,DFS,220,0,6,37
1296,BFS,220,0,6,37
1297,DFS,220,0,6,37
1298,BFS,220,0,6,37
1299,DFS,220,0,6,37
1300,BFS,220,0,6,37
1301,DFS,220,0,6,37
1302,BFS,220,0,6,38
1303,DFS,220,0,6,37
1304,BFS,220,0,6,37
1305,DFS,220,0,6,37
1306,BFS,220,0,6,37
1307,DFS,220,0,6,38
1308,BFS,220,0,6,38
1309,DFS,220,0,6,37
1310,BFS,220,0,6,37
1311,DFS,220,0,6,37
1312,BFS,220,0,6,37
1313,DFS,220,0,6,37
1314,BFS,220,0,6,37
1315,DFS,220,0,6,38
1316,BFS,220,0,6,37
1317,DFS,220,0,6,37
1318,BFS,220,0,6,38
1319,DFS,220,0,6,37
1320,BFS,220,0,8,37
1321,DFS,220,0,8,40
1322,BFS,220,0,8,38
1323,DFS,220,0,8,39
1324,BFS,220,0,8,49
1325,DFS,220,0,8,38
1326,BFS,220,0,8,39
1327,DFS,220,0,8,48
1328,BFS,220,0,8,56
1329,DFS,220,0,8,37
1330,BFS,220,0,8,37
1331,DFS,220,0,8,38
1332,BFS,220,0,8,37
1333,DFS,220,0,8,37
1334,BFS,220,0,8,36
1335,DFS,220,0,8,37
1336,BFS,220,0,8,37
1337,DFS,220,0,8,37
1338,BFS,220,0,8,38
1339,DFS,220,0,8,37
1340,BFS,220,0,8,37
1341,DFS,220,0,8,37
1342,BFS,220,0,8,37
1343,DFS,220,0,8,37
1344,BFS,220,0,8,41
1345,DFS,220,0,8,37
1346,BFS,220,0,8,37
1347,DFS,220,0,8,37
1348,BFS,220,0,8,38
1349,DFS,220,0,8,37
1350,BFS,220,0,8,37
1351,DFS,220,0,8,37
1352,BFS,220,0,8,40
1353,DFS,220,0,8,37
1354,BFS,220,0,8,37
1355,DFS,220,0,8,37
1356,BFS,220,0,8,36
1357,DFS,220,0,8,38
1358,BFS,220,0,8,37
1359,DFS,220,0,8,37
1360,BFS,220,1,37
1361,DFS,220,1,37
1362,BFS,220,1,37
1363,DFS,220,1,37
1364,BFS,220,1,37
1365,DFS,220,1,37
1366,BFS,220,1,37
1367,DFS,220,1,38
1368,BFS,220,1,37
1369,DFS,220,1,37
1370,BFS,220,1,36
1371,DFS,220,1,37
1372,BFS,220,1,36
1373,DFS,220,1,37
1374,BFS,220,1,36
1375,DFS,220,1,37
1376,BFS,220,1,37
1377,DFS,220,1,37
1378,BFS,220,1,37
1379,DFS,220,1,37
1380,BFS,220,1,37
1381,DFS,220,1,37
1382,BFS,220,1,37
1383,DFS,220,1,37
1384,BFS,220,1,37
1385,DFS,220,1,37
1386,BFS,220,1,36
1387,DFS,220,1,37
1388,BFS,220,1,36
1389,DFS,220,1,37
1390,BFS,220,1,36
1391,DFS,220,1,37
1392,BFS,220,1,37
1393,DFS,220,1,37
1394,BFS,220,1,36
1395,DFS,220,1,37
1396,BFS,220,1,36
1397,DFS,220,1,37
1398,BFS,220,1,36
1399,DFS,220,1,37
1400,BFS,250,0,2,53
1401,DFS,250,0,2,54
1402,BFS,250,0,2,54
1403,DFS,250,0,2,55
1404,BFS,250,0,2,54
1405,DFS,250,0,2,54
1406,BFS,250,0,2,53
1407,DFS,250,0,2,54
1408,BFS,250,0,2,53
1409,DFS,250,0,2,54
1410,BFS,250,0,2,54
1411,DFS,250,0,2,55
1412,BFS,250,0,2,54
1413,DFS,250,0,2,54
1414,BFS,250,0,2,53
1415,DFS,250,0,2,54
1416,BFS,250,0,2,54
1417,DFS,250,0,2,54
1418,BFS,250,0,2,54
1419,DFS,250,0,2,55
1420,BFS,250,0,2,54
1421,DFS,250,0,2,55
1422,BFS,250,0,2,54
1423,DFS,250,0,2,54
1424,BFS,250,0,2,54
1425,DFS,250,0,2,54
1426,BFS,250,0,2,54
1427,DFS,250,0,2,54
1428,BFS,250,0,2,54
1429,DFS,250,0,2,55
1430,BFS,250,0,2,54
1431,DFS,250,0,2,58
1432,BFS,250,0,2,54
1433,DFS,250,0,2,56
1434,BFS,250,0,2,54
1435,DFS,250,0,2,54
1436,BFS,250,0,2,56
1437,DFS,250,0,2,55
1438,BFS,250,0,2,54
1439,DFS,250,0,2,54
1440,BFS,250,0,4,54
1441,DFS,250,0,4,54
1442,BFS,250,0,4,53
1443,DFS,250,0,4,54
1444,BFS,250,0,4,53
1445,DFS,250,0,4,54
1446,BFS,250,0,4,56
1447,DFS,250,0,4,54
1448,BFS,250,0,4,55
1449,DFS,250,0,4,54
1450,BFS,250,0,4,53
1451,DFS,250,0,4,54
1452,BFS,250,0,4,55
1453,DFS,250,0,4,54
1454,BFS,250,0,4,54
1455,DFS,250,0,4,54
1456,BFS,250,0,4,54
1457,DFS,250,0,4,54
1458,BFS,250,0,4,54
1459,DFS,250,0,4,54
1460,BFS,250,0,4,54
1461,DFS,250,0,4,54
1462,BFS,250,0,4,53
1463,DFS,250,0,4,54
1464,BFS,250,0,4,54
1465,DFS,250,0,4,54
1466,BFS,250,0,4,53
1467,DFS,250,0,4,54
1468,BFS,250,0,4,54
1469,DFS,250,0,4,54
1470,BFS,250,0,4,54
1471,DFS,250,0,4,54
1472,BFS,250,0,4,53
1473,DFS,250,0,4,54
1474,BFS,250,0,4,55
1475,DFS,250,0,4,54
1476,BFS,250,0,4,54
1477,DFS,250,0,4,54
1478,BFS,250,0,4,54
1479,DFS,250,0,4,54
1480,BFS,250,0,6,54
1481,DFS,250,0,6,54
1482,BFS,250,0,6,54
1483,DFS,250,0,6,55
1484,BFS,250,0,6,54
1485,DFS,250,0,6,61
1486,BFS,250,0,6,66
1487,DFS,250,0,6,83
1488,BFS,250,0,6,97
1489,DFS,250,0,6,145
1490,BFS,250,0,6,115
1491,DFS,250,0,6,84
1492,BFS,250,0,6,71
1493,DFS,250,0,6,63
1494,BFS,250,0,6,61
1495,DFS,250,0,6,61
1496,BFS,250,0,6,56
1497,DFS,250,0,6,54
1498,BFS,250,0,6,55
1499,DFS,250,0,6,54
1500,BFS,250,0,6,54
1501,DFS,250,0,6,57
1502,BFS,250,0,6,56
1503,DFS,250,0,6,57
1504,BFS,250,0,6,61
1505,DFS,250,0,6,64
1506,BFS,250,0,6,82
1507,DFS,250,0,6,122
1508,BFS,250,0,6,96
1509,DFS,250,0,6,76
1510,BFS,250,0,6,66
1511,DFS,250,0,6,61
1512,BFS,250,0,6,60
1513,DFS,250,0,6,54
1514,BFS,250,0,6,54
1515,DFS,250,0,6,54
1516,BFS,250,0,6,53
1517,DFS,250,0,6,54
1518,BFS,250,0,6,54
1519,DFS,250,0,6,53
1520,BFS,250,0,8,54
1521,DFS,250,0,8,54
1522,BFS,250,0,8,54
1523,DFS,250,0,8,54
1524,BFS,250,0,8,55
1525,DFS,250,0,8,54
1526,BFS,250,0,8,54
1527,DFS,250,0,8,54
1528,BFS,250,0,8,53
1529,DFS,250,0,8,54
1530,BFS,250,0,8,54
1531,DFS,250,0,8,54
1532,BFS,250,0,8,54
1533,DFS,250,0,8,54
1534,BFS,250,0,8,54
1535,DFS,250,0,8,54
1536,BFS,250,0,8,53
1537,DFS,250,0,8,54
1538,BFS,250,0,8,54
1539,DFS,250,0,8,54
1540,BFS,250,0,8,53
1541,DFS,250,0,8,54
1542,BFS,250,0,8,54
1543,DFS,250,0,8,54
1544,BFS,250,0,8,54
1545,DFS,250,0,8,54
1546,BFS,250,0,8,54
1547,DFS,250,0,8,54
1548,BFS,250,0,8,54
1549,DFS,250,0,8,54
1550,BFS,250,0,8,53
1551,DFS,250,0,8,54
1552,BFS,250,0,8,53
1553,DFS,250,0,8,54
1554,BFS,250,0,8,55
1555,DFS,250,0,8,54
1556,BFS,250,0,8,54
1557,DFS,250,0,8,54
1558,BFS,250,0,8,53
1559,DFS,250,0,8,54
1560,BFS,250,1,54
1561,DFS,250,1,54
1562,BFS,250,1,55
1563,DFS,250,1,54
1564,BFS,250,1,54
1565,DFS,250,1,54
1566,BFS,250,1,54
1567,DFS,250,1,54
1568,BFS,250,1,53
1569,DFS,250,1,54
1570,BFS,250,1,54
1571,DFS,250,1,54
1572,BFS,250,1,53
1573,DFS,250,1,54
1574,BFS,250,1,54
1575,DFS,250,1,54
1576,BFS,250,1,54
1577,DFS,250,1,54
1578,BFS,250,1,53
1579,DFS,250,1,54
1580,BFS,250,1,53
1581,DFS,250,1,54
1582,BFS,250,1,53
1583,DFS,250,1,54
1584,BFS,250,1,53
1585,DFS,250,1,54
1586,BFS,250,1,54
1587,DFS,250,1,54
1588,BFS,250,1,54
1589,DFS,250,1,54
1590,BFS,250,1,54
1591,DFS,250,1,54
1592,BFS,250,1,54
1593,DFS,250,1,54
1594,BFS,250,1,53
1595,DFS,250,1,54
1596,BFS,250,1,54
1597,DFS,250,1,54
1598,BFS,250,1,53
1599,DFS,250,1,54
1600,BFS,290,0,2,84
1601,DFS,290,0,2,83
1602,BFS,290,0,2,83
1603,DFS,290,0,2,83
1604,BFS,290,0,2,83
1605,DFS,290,0,2,83
1606,BFS,290,0,2,84
1607,DFS,290,0,2,83
1608,BFS,290,0,2,83
1609,DFS,290,0,2,83
1610,BFS,290,0,2,83
1611,DFS,290,0,2,83
1612,BFS,290,0,2,83
1613,DFS,290,0,2,83
1614,BFS,290,0,2,83
1615,DFS,290,0,2,83
1616,BFS,290,0,2,83
1617,DFS,290,0,2,84
1618,BFS,290,0,2,83
1619,DFS,290,0,2,83
1620,BFS,290,0,2,84
1621,DFS,290,0,2,83
1622,BFS,290,0,2,83
1623,DFS,290,0,2,84
1624,BFS,290,0,2,83
1625,DFS,290,0,2,83
1626,BFS,290,0,2,83
1627,DFS,290,0,2,83
1628,BFS,290,0,2,83
1629,DFS,290,0,2,88
1630,BFS,290,0,2,84
1631,DFS,290,0,2,83
1632,BFS,290,0,2,84
1633,DFS,290,0,2,83
1634,BFS,290,0,2,83
1635,DFS,290,0,2,84
1636,BFS,290,0,2,83
1637,DFS,290,0,2,83
1638,BFS,290,0,2,84
1639,DFS,290,0,2,83
1640,BFS,290,0,4,83
1641,DFS,290,0,4,84
1642,BFS,290,0,4,84
1643,DFS,290,0,4,83
1644,BFS,290,0,4,83
1645,DFS,290,0,4,83
1646,BFS,290,0,4,83
1647,DFS,290,0,4,84
1648,BFS,290,0,4,83
1649,DFS,290,0,4,83
1650,BFS,290,0,4,83
1651,DFS,290,0,4,83
1652,BFS,290,0,4,83
1653,DFS,290,0,4,84
1654,BFS,290,0,4,84
1655,DFS,290,0,4,83
1656,BFS,290,0,4,83
1657,DFS,290,0,4,83
1658,BFS,290,0,4,83
1659,DFS,290,0,4,84
1660,BFS,290,0,4,83
1661,DFS,290,0,4,83
1662,BFS,290,0,4,83
1663,DFS,290,0,4,83
1664,BFS,290,0,4,83
1665,DFS,290,0,4,84
1666,BFS,290,0,4,83
1667,DFS,290,0,4,83
1668,BFS,290,0,4,83
1669,DFS,290,0,4,83
1670,BFS,290,0,4,83
1671,DFS,290,0,4,84
1672,BFS,290,0,4,83
1673,DFS,290,0,4,83
1674,BFS,290,0,4,83
1675,DFS,290,0,4,83
1676,BFS,290,0,4,83
1677,DFS,290,0,4,84
1678,BFS,290,0,4,83
1679,DFS,290,0,4,83
1680,BFS,290,0,6,83
1681,DFS,290,0,6,83
1682,BFS,290,0,6,83
1683,DFS,290,0,6,84
1684,BFS,290,0,6,83
1685,DFS,290,0,6,83
1686,BFS,290,0,6,83
1687,DFS,290,0,6,83
1688,BFS,290,0,6,83
1689,DFS,290,0,6,84
1690,BFS,290,0,6,83
1691,DFS,290,0,6,83
1692,BFS,290,0,6,84
1693,DFS,290,0,6,83
1694,BFS,290,0,6,83
1695,DFS,290,0,6,84
1696,BFS,290,0,6,83
1697,DFS,290,0,6,83
1698,BFS,290,0,6,83
1699,DFS,290,0,6,83
1700,BFS,290,0,6,83
1701,DFS,290,0,6,86
1702,BFS,290,0,6,83
1703,DFS,290,0,6,83
1704,BFS,290,0,6,83
1705,DFS,290,0,6,83
1706,BFS,290,0,6,83
1707,DFS,290,0,6,84
1708,BFS,290,0,6,84
1709,DFS,290,0,6,83
1710,BFS,290,0,6,83
1711,DFS,290,0,6,84
1712,BFS,290,0,6,83
1713,DFS,290,0,6,84
1714,BFS,290,0,6,83
1715,DFS,290,0,6,83
1716,BFS,290,0,6,82
1717,DFS,290,0,6,83
1718,BFS,290,0,6,83
1719,DFS,290,0,6,84
1720,BFS,290,0,8,83
1721,DFS,290,0,8,83
1722,BFS,290,0,8,83
1723,DFS,290,0,8,83
1724,BFS,290,0,8,84
1725,DFS,290,0,8,84
1726,BFS,290,0,8,83
1727,DFS,290,0,8,83
1728,BFS,290,0,8,83
1729,DFS,290,0,8,83
1730,BFS,290,0,8,83
1731,DFS,290,0,8,84
1732,BFS,290,0,8,83
1733,DFS,290,0,8,83
1734,BFS,290,0,8,83
1735,DFS,290,0,8,83
1736,BFS,290,0,8,85
1737,DFS,290,0,8,83
1738,BFS,290,0,8,83
1739,DFS,290,0,8,83
1740,BFS,290,0,8,83
1741,DFS,290,0,8,83
1742,BFS,290,0,8,84
1743,DFS,290,0,8,83
1744,BFS,290,0,8,83
1745,DFS,290,0,8,84
1746,BFS,290,0,8,83
1747,DFS,290,0,8,83
1748,BFS,290,0,8,86
1749,DFS,290,0,8,83
1750,BFS,290,0,8,83
1751,DFS,290,0,8,83
1752,BFS,290,0,8,83
1753,DFS,290,0,8,83
1754,BFS,290,0,8,85
1755,DFS,290,0,8,83
1756,BFS,290,0,8,83
1757,DFS,290,0,8,83
1758,BFS,290,0,8,83
1759,DFS,290,0,8,83
1760,BFS,290,1,84
1761,DFS,290,1,83
1762,BFS,290,1,83
1763,DFS,290,1,83
1764,BFS,290,1,83
1765,DFS,290,1,83
1766,BFS,290,1,84
1767,DFS,290,1,83
1768,BFS,290,1,83
1769,DFS,290,1,83
1770,BFS,290,1,83
1771,DFS,290,1,83
1772,BFS,290,1,85
1773,DFS,290,1,83
1774,BFS,290,1,83
1775,DFS,290,1,83
1776,BFS,290,1,83
1777,DFS,290,1,83
1778,BFS,290,1,85
1779,DFS,290,1,83
1780,BFS,290,1,83
1781,DFS,290,1,83
1782,BFS,290,1,83
1783,DFS,290,1,83
1784,BFS,290,1,85
1785,DFS,290,1,83
1786,BFS,290,1,83
1787,DFS,290,1,83
1788,BFS,290,1,83
1789,DFS,290,1,83
1790,BFS,290,1,84
1791,DFS,290,1,83
1792,BFS,290,1,83
1793,DFS,290,1,83
1794,BFS,290,1,83
1795,DFS,290,1,83
1796,BFS,290,1,84
1797,DFS,290,1,83
1798,BFS,290,1,83
1799,DFS,290,1,83
1800,BFS,300,0,2,92
1801,DFS,300,0,2,92
1802,BFS,300,0,2,93
1803,DFS,300,0,2,92
1804,BFS,300,0,2,92
1805,DFS,300,0,2,92
1806,BFS,300,0,2,93
1807,DFS,300,0,2,92
1808,BFS,300,0,2,93
1809,DFS,300,0,2,91
1810,BFS,300,0,2,92
1811,DFS,300,0,2,91
1812,BFS,300,0,2,92
1813,DFS,300,0,2,92
1814,BFS,300,0,2,93
1815,DFS,300,0,2,92
1816,BFS,300,0,2,92
1817,DFS,300,0,2,92
1818,BFS,300,0,2,92
1819,DFS,300,0,2,91
1820,BFS,300,0,2,92
1821,DFS,300,0,2,92
1822,BFS,300,0,2,92
1823,DFS,300,0,2,92
1824,BFS,300,0,2,92
1825,DFS,300,0,2,94
1826,BFS,300,0,2,92
1827,DFS,300,0,2,92
1828,BFS,300,0,2,92
1829,DFS,300,0,2,102
1830,BFS,300,0,2,103
1831,DFS,300,0,2,104
1832,BFS,300,0,2,118
1833,DFS,300,0,2,108
1834,BFS,300,0,2,100
1835,DFS,300,0,2,91
1836,BFS,300,0,2,92
1837,DFS,300,0,2,92
1838,BFS,300,0,2,92
1839,DFS,300,0,2,91
1840,BFS,300,0,4,92
1841,DFS,300,0,4,92
1842,BFS,300,0,4,93
1843,DFS,300,0,4,92
1844,BFS,300,0,4,92
1845,DFS,300,0,4,92
1846,BFS,300,0,4,91
1847,DFS,300,0,4,92
1848,BFS,300,0,4,93
1849,DFS,300,0,4,92
1850,BFS,300,0,4,92
1851,DFS,300,0,4,92
1852,BFS,300,0,4,92
1853,DFS,300,0,4,92
1854,BFS,300,0,4,93
1855,DFS,300,0,4,91
1856,BFS,300,0,4,92
1857,DFS,300,0,4,92
1858,BFS,300,0,4,92
1859,DFS,300,0,4,92
1860,BFS,300,0,4,93
1861,DFS,300,0,4,92
1862,BFS,300,0,4,92
1863,DFS,300,0,4,92
1864,BFS,300,0,4,92
1865,DFS,300,0,4,92
1866,BFS,300,0,4,92
1867,DFS,300,0,4,92
1868,BFS,300,0,4,92
1869,DFS,300,0,4,92
1870,BFS,300,0,4,92
1871,DFS,300,0,4,92
1872,BFS,300,0,4,92
1873,DFS,300,0,4,92
1874,BFS,300,0,4,92
1875,DFS,300,0,4,92
1876,BFS,300,0,4,91
1877,DFS,300,0,4,92
1878,BFS,300,0,4,92
1879,DFS,300,0,4,92
1880,BFS,300,0,6,92
1881,DFS,300,0,6,92
1882,BFS,300,0,6,93
1883,DFS,300,0,6,91
1884,BFS,300,0,6,91
1885,DFS,300,0,6,92
1886,BFS,300,0,6,92
1887,DFS,300,0,6,92
1888,BFS,300,0,6,93
1889,DFS,300,0,6,92
1890,BFS,300,0,6,92
1891,DFS,300,0,6,92
1892,BFS,300,0,6,92
1893,DFS,300,0,6,92
1894,BFS,300,0,6,94
1895,DFS,300,0,6,92
1896,BFS,300,0,6,92
1897,DFS,300,0,6,92
1898,BFS,300,0,6,95
1899,DFS,300,0,6,93
1900,BFS,300,0,6,93
1901,DFS,300,0,6,93
1902,BFS,300,0,6,92
1903,DFS,300,0,6,91
1904,BFS,300,0,6,92
1905,DFS,300,0,6,104
1906,BFS,300,0,6,93
1907,DFS,300,0,6,92
1908,BFS,300,0,6,92
1909,DFS,300,0,6,92
1910,BFS,300,0,6,93
1911,DFS,300,0,6,102
1912,BFS,300,0,6,93
1913,DFS,300,0,6,92
1914,BFS,300,0,6,93
1915,DFS,300,0,6,97
1916,BFS,300,0,6,104
1917,DFS,300,0,6,95
1918,BFS,300,0,6,94
1919,DFS,300,0,6,93
1920,BFS,300,0,8,94
1921,DFS,300,0,8,102
1922,BFS,300,0,8,94
1923,DFS,300,0,8,109
1924,BFS,300,0,8,120
1925,DFS,300,0,8,242
1926,BFS,300,0,8,163
1927,DFS,300,0,8,174
1928,BFS,300,0,8,216
1929,DFS,300,0,8,170
1930,BFS,300,0,8,148
1931,DFS,300,0,8,118
1932,BFS,300,0,8,100
1933,DFS,300,0,8,92
1934,BFS,300,0,8,97
1935,DFS,300,0,8,93
1936,BFS,300,0,8,94
1937,DFS,300,0,8,93
1938,BFS,300,0,8,92
1939,DFS,300,0,8,91
1940,BFS,300,0,8,93
1941,DFS,300,0,8,92
1942,BFS,300,0,8,93
1943,DFS,300,0,8,92
1944,BFS,300,0,8,92
1945,DFS,300,0,8,93
1946,BFS,300,0,8,93
1947,DFS,300,0,8,92
1948,BFS,300,0,8,94
1949,DFS,300,0,8,92
1950,BFS,300,0,8,93
1951,DFS,300,0,8,95
1952,BFS,300,0,8,95
1953,DFS,300,0,8,93
1954,BFS,300,0,8,95
1955,DFS,300,0,8,93
1956,BFS,300,0,8,93
1957,DFS,300,0,8,92
1958,BFS,300,0,8,97
1959,DFS,300,0,8,93
1960,BFS,300,1,94
1961,DFS,300,1,92
1962,BFS,300,1,92
1963,DFS,300,1,93
1964,BFS,300,1,93
1965,DFS,300,1,93
1966,BFS,300,1,93
1967,DFS,300,1,92
1968,BFS,300,1,94
1969,DFS,300,1,93
1970,BFS,300,1,92
1971,DFS,300,1,93
1972,BFS,300,1,94
1973,DFS,300,1,92
1974,BFS,300,1,93
1975,DFS,300,1,92
1976,BFS,300,1,93
1977,DFS,300,1,92
1978,BFS,300,1,92
1979,DFS,300,1,92
1980,BFS,300,1,93
1981,DFS,300,1,92
1982,BFS,300,1,92
1983,DFS,300,1,92
1984,BFS,300,1,92
1985,DFS,300,1,96
1986,BFS,300,1,93
1987,DFS,300,1,92
1988,BFS,300,1,92
1989,DFS,300,1,91
1990,BFS,300,1,91
1991,DFS,300,1,92
1992,BFS,300,1,92
1993,DFS,300,1,92
1994,BFS,300,1,92
1995,DFS,300,1,92
1996,BFS,300,1,92
1997,DFS,300,1,92
1998,BFS,300,1,91
1999,DFS,300,1,91
